{
    "train_loss": [
        5.182051714322266,
        4.993872353393213,
        4.845616844925335,
        4.732166344197696,
        4.654642267142252,
        4.5656914609291706,
        4.476351334703564,
        4.405130633213773,
        4.348794091782182,
        4.254752967934797,
        4.212548235085322,
        4.140052624384694,
        4.114332777245688,
        4.050212605642862,
        3.985161715448458,
        3.9612585821366997,
        3.8913310091548343,
        3.834696139724488,
        3.7849003805040846,
        3.74156112714346,
        3.7076833695450984,
        3.657296341530505,
        3.6101585198791657,
        3.5793228622400184,
        3.5199795188457483,
        3.4633833906817917,
        3.427003209796794,
        3.4316420439089965,
        3.3470817861855213,
        3.312484439892116,
        3.270000563914002,
        3.245558141995523,
        3.1831383337809647,
        3.1454861865672643,
        3.0885234101264465,
        3.05463067960433,
        3.0318097417511094,
        2.979753682519072,
        2.9532509431702723,
        2.9483739582246615,
        2.8943363571048497,
        2.8725768691833333,
        2.8413899613848677,
        2.7504628265982807,
        2.7559497273963145,
        2.7075937998963826,
        2.7020057228244,
        2.628859133225688,
        2.612686996456011,
        2.58896590997329,
        2.533469581436138,
        2.5336788098099663,
        2.4922417641969714,
        2.4899977370803463,
        2.44511831737399,
        2.4215750114644727,
        2.334262348993838,
        2.3177784630219915,
        2.324857781258743,
        2.2550135727722616,
        2.2699667995428787,
        2.238398067377003,
        2.1993247578666923,
        2.181470325951449,
        2.1232449460113534,
        2.1480772396525283,
        2.1353167591936275,
        1.9600202189540488,
        1.8661288619164873,
        1.8251480910565252,
        1.8182212984519954,
        1.810015436679242,
        1.7793393341446793,
        1.7976104174373213,
        1.737682902608063,
        1.7392162692351825,
        1.6828196958420216,
        1.667139088843372,
        1.685175093243793,
        1.6699757357269718
    ],
    "val_loss": [
        5.087508321996543,
        4.966438429696219,
        4.812080018940162,
        4.741195323855378,
        4.721800943545725,
        4.574728522189828,
        4.553366946223567,
        4.378726018227612,
        4.446555763384036,
        4.345447033346689,
        4.247151129269521,
        4.24315913887911,
        4.16143951859585,
        4.2364772229495635,
        4.093412793751967,
        4.0347679017786175,
        3.987268839167598,
        3.9375700475369575,
        3.8766464743503306,
        3.8860729192182473,
        3.8185152120368424,
        3.881885810547889,
        3.856743979691667,
        3.86498868029775,
        3.67994709664405,
        3.6705208593032683,
        3.7483996378622972,
        3.7114246857918776,
        3.598708302475685,
        3.575129203226083,
        3.6774809526842693,
        3.5101161351631647,
        3.4910097027141784,
        3.496895636434967,
        3.3902047322041966,
        3.419196298352112,
        3.392349204351736,
        3.395088800164156,
        3.33853670925001,
        3.336420094848075,
        3.2584813932247734,
        3.325054022956924,
        3.212022458200043,
        3.2309395276826876,
        3.150427007199918,
        3.225842977283009,
        3.237073451577627,
        3.2222200422191936,
        3.105328006205765,
        3.092209198942216,
        3.086292018129976,
        3.0308682768051805,
        3.062222167106958,
        2.9727491255218403,
        3.117551017837271,
        3.034951724087281,
        2.93244209004399,
        2.9987279640083693,
        2.956398235206984,
        3.064402705411182,
        2.9021196705954417,
        2.917633368723416,
        2.76526502834206,
        2.821197888383834,
        2.770408450567049,
        2.9797050853900338,
        2.7718962815116805,
        2.684852947032333,
        2.7178775876067407,
        2.6536329085644694,
        2.6483342996071344,
        2.675601463381238,
        2.683658040639174,
        2.6294118859047115,
        2.667380218886062,
        2.653058660386805,
        2.6113750665290807,
        2.574895452423349,
        2.597956178592289,
        2.537302768111625
    ],
    "train_acc": [
        0.013253261544833299,
        0.026299440878028577,
        0.03292607165044523,
        0.036653551459929594,
        0.04141644232760406,
        0.05011389521640091,
        0.053427210602609236,
        0.054462621660799335,
        0.06916545868709878,
        0.07372126734313522,
        0.08159039138537999,
        0.0846966245599503,
        0.08407537792503623,
        0.09546489956512735,
        0.09670739283495548,
        0.10188444812590598,
        0.11575895630565335,
        0.11845102505694761,
        0.12466349140608822,
        0.13605301304617934,
        0.13543176641126528,
        0.14143715054876785,
        0.15324083661213503,
        0.15593290536342927,
        0.16815075585007247,
        0.17104990681300478,
        0.18119693518326777,
        0.17291364671774695,
        0.18761648374404638,
        0.19279353903499688,
        0.20397597846345,
        0.20542555394491613,
        0.21143093808241872,
        0.2195071443363015,
        0.23524539242079107,
        0.23027541934147858,
        0.24125077655829363,
        0.2513978049285566,
        0.24352868088631185,
        0.25574653137295505,
        0.26692897080140815,
        0.26610064195485605,
        0.26796438185959826,
        0.2899150962932284,
        0.2843238765790019,
        0.29944087802857733,
        0.29095050735141853,
        0.3226340857320356,
        0.3209774280389315,
        0.32491199006005383,
        0.33630151170014494,
        0.3354731828535929,
        0.33940774487471526,
        0.3408573203561814,
        0.3458272934354939,
        0.3578380617104991,
        0.3725408987367985,
        0.3706771588320563,
        0.37274798094843653,
        0.39449161317042863,
        0.38724373576309795,
        0.3907641333609443,
        0.40070407951956927,
        0.3961482708635328,
        0.418098985297163,
        0.4168564920273349,
        0.4123006833712984,
        0.44771174156139987,
        0.48105197763512114,
        0.49244149927521225,
        0.4878856906191758,
        0.4854007040795196,
        0.49534065023814455,
        0.499896458894181,
        0.5052805963967695,
        0.5125284738041003,
        0.5214330089045351,
        0.5336508593911783,
        0.5232967488092772,
        0.5251604887140194
    ],