{
    "top1_accuracy": 0.8812292358803987,
    "top5_accuracy": 0.978405315614618,
    "avg_per_class_accuracy": 0.8789285714285714,
    "precision_weighted": 0.8939932368296156,
    "recall_weighted": 0.8812292358803987,
    "f1_weighted": 0.8799342016852276
}