{
    "train_loss": [
        6.760555582723896,
        6.608878939263839,
        6.490662697112493,
        6.418362448244614,
        6.389486569799383,
        6.336628341358822,
        6.2029589691328,
        6.081448632507103,
        6.011650201770232,
        5.980343449656379,
        5.938804619848963,
        5.812751863530567,
        5.686490136709587,
        5.5730638611659815,
        5.457153141782456,
        5.357561531805503,
        5.254568280678009,
        5.1500574631532,
        5.061898525962427,
        4.9921434719040665,
        4.919803272791594,
        4.8566294633767,
        4.805835294239663,
        4.753518084606835,
        4.69672574284013,
        4.656934621640677,
        4.6007302240398165,
        4.578336481970027,
        4.544490361761716,
        4.530881498980211
    ],
    "val_loss": [
        0.5801223549137876,
        0.5643331749098641,
        0.55886548747652,
        0.5594860071755723,
        0.5510597848813004,
        0.5680003370161468,
        0.5562091872739633,
        0.5635012316446367,
        0.5712444255518359,
        0.5669652616660856,
        0.545527225316957,
        0.5608571951967537,
        0.5473634079346229,
        0.56129382654678,
        0.5430712879100115,
        0.5517183108088186,
        0.530049625078705,
        0.5288977810116702,
        0.5277991684964329,
        0.5261235386628249,
        0.5238984600452093,
        0.5177454697432312,
        0.5208928196434167,
        0.5130049705604383,
        0.5076715726888061,
        0.5141187880522389,
        0.5080051909253447,
        0.49735261296909117,
        0.49461770325008025,
        0.5118199420282215
    ],
    "train_acc": [
        0.8540070407951957,
        0.8627044936839925,
        0.8730586042658935,
        0.8745081797473597,
        0.8827914682128805,
        0.8682957133982191,
        0.87761441292193,
        0.8811348105197764,
        0.8912818388900393,
        0.8914889211016773,
        0.8852764547525368,
        0.8854835369641748,
        0.9006005384137502,
        0.9045351004348726,
        0.9045351004348726,
        0.9105404845723752,
        0.9150962932284117,
        0.9167529509215159,
        0.927521225926693,
        0.9213087595775523,
        0.9337336922758335,
        0.9316628701594533,
        0.9302132946779872,
        0.9391178297784221,
        0.9434665562228205,
        0.9438807206460965,
        0.9436736384344585,
        0.948850693725409,
        0.9465727893973908,
        0.9449161317042866
    ],
    "val_acc": [
        0.8612956810631229,
        0.8662790697674418,
        0.8687707641196013,
        0.8637873754152824,
        0.8687707641196013,
        0.8679401993355482,
        0.8679401993355482,
        0.8637873754152824,
        0.8687707641196013,
        0.8646179401993356,
        0.8696013289036545,
        0.8604651162790697,
        0.8679401993355482,
        0.8729235880398671,
        0.867109634551495,
        0.8712624584717608,
        0.8712624584717608,
        0.8637873754152824,
        0.8679401993355482,
        0.8687707641196013,
        0.8654485049833887,
        0.8754152823920266,
        0.872093023255814,
        0.8745847176079734,
        0.8745847176079734,
        0.872093023255814,
        0.8754152823920266,
        0.8803986710963455,
        0.8870431893687708,
        0.872093023255814
    ],
    "val_per_class_acc": [
        0.857797619047619,
        0.865559523809524,
        0.868345238095238,
        0.8619940476190476,
        0.8672440476190476,
        0.8664166666666666,
        0.866220238095238,
        0.862279761904762,
        0.8652797619047619,
        0.8614583333333333,
        0.8671190476190476,
        0.8579821428571429,
        0.866452380952381,
        0.8702261904761905,
        0.8639761904761905,
        0.8690000000000001,
        0.8679404761904762,
        0.8626428571428572,
        0.8658392857142857,
        0.8669107142857143,
        0.8632440476190476,
        0.8731011904761905,
        0.8702797619047619,
        0.8735595238095237,
        0.8729464285714286,
        0.8700714285714287,
        0.8725238095238096,
        0.8787380952380953,
        0.8846488095238095,
        0.8696190476190477
    ]
}