{
    "train_loss": [
        5.527079757288342,
        4.057418053726352,
        3.179602152023979,
        2.6877647967386946,
        2.381638591594147,
        2.175104987475659,
        2.0362412167227424,
        1.9484606285869372,
        1.8316191127517993,
        1.7481584022888907,
        1.6707738420686309,
        1.614119236452976,
        1.5975693744466675,
        1.5403574594283207,
        1.5371304554928409
    ],
    "val_loss": [
        3.938099710648242,
        2.673450207789475,
        2.113081626321786,
        1.8282716424758252,
        1.7415919260329187,
        1.6648597032128774,
        1.6206965288054507,
        1.577822781084384,
        1.5797221034864255,
        1.5329198718467028,
        1.5181213371777456,
        1.5079586347472231,
        1.491788890274656,
        1.473704488570508,
        1.4751919971352003
    ],
    "train_acc": [
        0.02112238558707807,
        0.1611099606543798,
        0.32988196313936635,
        0.46862704493683993,
        0.5570511493062746,
        0.6156554151998344,
        0.6643197349347691,
        0.7100849037067716,
        0.7355560157382481,
        0.7724166494098157,
        0.7989231724994823,
        0.8113481051977635,
        0.8322634085732036,
        0.8482087388693311,
        0.8595982605094222
    ],
    "val_acc": [
        0.24584717607973422,
        0.5440199335548173,
        0.6760797342192691,
        0.7541528239202658,
        0.782392026578073,
        0.7906976744186046,
        0.8147840531561462,
        0.8313953488372093,
        0.829734219269103,
        0.8363787375415282,
        0.8471760797342193,
        0.8496677740863787,
        0.8621262458471761,
        0.8662790697674418,
        0.8596345514950167
    ],
    "val_per_class_acc": [
        0.22800595238095236,
        0.5276130952380953,
        0.6623988095238096,
        0.7429583333333332,
        0.7753095238095239,
        0.7833869047619046,
        0.8115000000000001,
        0.8277857142857143,
        0.8249107142857143,
        0.8337440476190475,
        0.8423511904761903,
        0.8471309523809524,
        0.8589047619047618,
        0.8623988095238095,
        0.856547619047619
    ]
}