{
    "train_loss": [
        0.6804103099008751,
        0.6070267189780879,
        0.5558457154495965,
        0.5152508131611987,
        0.5077817943506444,
        0.490744623517763,
        0.48163067291034234,
        0.4451313330646281,
        0.417302905093762,
        0.4078048410981455,
        0.41321010391123175,
        0.40146901940035506,
        0.3909469156142816,
        0.38762499005386214,
        0.3549890011629226,
        0.36565863287555034,
        0.33998083190706657,
        0.32608627877415125,
        0.340298677507852,
        0.33120482525276973,
        0.33056348066049523,
        0.3251516662860514,
        0.3248545341417394,
        0.3192908068724265,
        0.3260574050634933,
        0.29934577144285884,
        0.30383645593317726,
        0.29704851680449706,
        0.31247136604097175,
        0.3188531831397505
    ],
    "val_loss": [
        1.5111502856511214,
        1.4036176794787183,
        1.3885490755702175,
        1.3403442614894372,
        1.3315985179026657,
        1.3111469856528348,
        1.2853173892759406,
        1.283268365749093,
        1.2488803328865787,
        1.2436286207053353,
        1.2286937696197104,
        1.2319877282329572,
        1.2048233101930332,
        1.2009110842828339,
        1.2071508474128192,
        1.1896264224353423,
        1.2038002944863913,
        1.174056131578363,
        1.1764047359707348,
        1.1839194677992912,
        1.1760532943117261,
        1.1815555436270577,
        1.1872553916468573,
        1.171007105678419,
        1.1591635815724979,
        1.1696514132807025,
        1.1596518596541445,
        1.1676873986507175,
        1.1785770290317725,
        1.1686693651731623
    ],
    "train_acc": [
        0.8090702008697452,
        0.826879271070615,
        0.8488299855042452,
        0.8604265893559743,
        0.8641540691654587,
        0.8635328225305446,
        0.8680886311865811,
        0.8736798509008076,
        0.8890039345620211,
        0.8865189480223649,
        0.8902464278318493,
        0.8898322634085732,
        0.8948022364878857,
        0.8912818388900393,
        0.908055498032719,
        0.9016359494719404,
        0.9018430316835784,
        0.9128183889003935,
        0.908883826879271,
        0.9113688134189273,
        0.9134396355353075,
        0.9136467177469455,
        0.9136467177469455,
        0.9190308552495341,
        0.9136467177469455,
        0.9256574860219507,
        0.9208945951542763,
        0.9229654172706564,
        0.9171671153447919,
        0.9171671153447919
    ],
    "val_acc": [
        0.6229235880398671,
        0.6345514950166113,
        0.6403654485049833,
        0.6461794019933554,
        0.6519933554817275,
        0.6569767441860465,
        0.6578073089700996,
        0.6644518272425249,
        0.6677740863787376,
        0.6694352159468439,
        0.6760797342192691,
        0.6694352159468439,
        0.6744186046511628,
        0.6769102990033222,
        0.6802325581395349,
        0.6827242524916943,
        0.6760797342192691,
        0.675249169435216,
        0.6827242524916943,
        0.6835548172757475,
        0.6785714285714286,
        0.6810631229235881,
        0.6802325581395349,
        0.6843853820598007,
        0.6827242524916943,
        0.686046511627907,
        0.6827242524916943,
        0.6918604651162791,
        0.6810631229235881,
        0.6877076411960132
    ],
    "val_per_class_acc": [
        0.6149404761904762,
        0.6272321428571428,
        0.6321607142857143,
        0.6376190476190476,
        0.643327380952381,
        0.6485654761904762,
        0.6488630952380953,
        0.6557321428571428,
        0.6584226190476191,
        0.6623273809523809,
        0.6674464285714286,
        0.662154761904762,
        0.666595238095238,
        0.6689345238095238,
        0.6728571428571428,
        0.6760714285714287,
        0.6685892857142858,
        0.6676547619047619,
        0.6744940476190476,
        0.6750892857142857,
        0.6699166666666667,
        0.6743690476190477,
        0.6731785714285715,
        0.6769285714285715,
        0.6740833333333334,
        0.6786547619047618,
        0.6746547619047618,
        0.6831964285714287,
        0.6742142857142858,
        0.6807380952380951
    ]
}