{
    "train_loss": [
        4.236375336322165,
        2.665160242630893,
        2.0827045644087483,
        1.7451033541370706,
        1.5511177361048534,
        1.3947790221759166,
        1.2727055561717782,
        1.1513520688046874,
        1.073885307718839,
        1.0112055381353067,
        0.9263742640907657,
        0.8908338270515209,
        0.8192118283358882,
        0.8118617267533597,
        0.7712411729784381,
        0.7271125365868689,
        0.7309499599223158,
        0.6977471162330341,
        0.7045070053529334,
        0.6730510847962009
    ],
    "val_loss": [
        3.0243444363540193,
        2.3583215447359307,
        2.066561188016619,
        1.9430529413825253,
        1.8450320194725975,
        1.8288866812208562,
        1.81987371793221,
        1.7624016184347413,
        1.7225487208445602,
        1.664907335046914,
        1.6891677506342282,
        1.6633179758078236,
        1.6362686299802458,
        1.6135870966800423,
        1.6185576804848605,
        1.589244309453869,
        1.5791578055220188,
        1.5862951116308421,
        1.5933533831688256,
        1.5890111273705365
    ],
    "train_acc": [
        0.142679643818596,
        0.37316214537171255,
        0.48125905984675915,
        0.5498032718989438,
        0.5903913853799958,
        0.6160695796231104,
        0.6516877200248499,
        0.683578380617105,
        0.69455373783392,
        0.714226547939532,
        0.7457030441085111,
        0.7494305239179955,
        0.7666183474839511,
        0.7738662248912819,
        0.7821495133568026,
        0.7945744460550839,
        0.8003727479809485,
        0.8090702008697452,
        0.8012010768275005,
        0.8125905984675916
    ],
    "val_acc": [
        0.32142857142857145,
        0.43521594684385384,
        0.48255813953488375,
        0.5016611295681063,
        0.5199335548172758,
        0.5307308970099668,
        0.5191029900332226,
        0.5506644518272426,
        0.5415282392026578,
        0.5672757475083057,
        0.5714285714285714,
        0.5789036544850499,
        0.5963455149501661,
        0.595514950166113,
        0.590531561461794,
        0.5938538205980066,
        0.5938538205980066,
        0.5996677740863787,
        0.5996677740863787,
        0.6021594684385382
    ],
    "val_per_class_acc": [
        0.3094940476190476,
        0.43060119047619055,
        0.4751845238095238,
        0.4969642857142857,
        0.5134404761904762,
        0.5249940476190477,
        0.5148571428571428,
        0.5460833333333334,
        0.5357619047619048,
        0.5605178571428572,
        0.5652797619047619,
        0.5746309523809524,
        0.5917202380952381,
        0.58975,
        0.5861428571428572,
        0.5881547619047619,
        0.5876904761904762,
        0.5937202380952381,
        0.5927083333333333,
        0.5967797619047619
    ]
}